id;montant;created_by;created_date;last_modified_by;last_modified_date
1;21633;Loan implement Intelligent;2022-07-06T10:32:26;Bike;2022-07-06T17:39:57
2;9552;Public-key collaborative;2022-07-06T22:21:30;Samoa Prairie;2022-07-06T11:12:17
3;91241;Human SDR Money;2022-07-06T12:48:11;Computers United;2022-07-06T14:59:48
4;78069;silver database;2022-07-06T21:05:06;Accountability Managed;2022-07-06T11:06:28
5;18786;calculating mobile;2022-07-06T04:40:28;Music;2022-07-06T11:27:06
6;34816;Village;2022-07-06T20:13:10;copy Planner;2022-07-06T07:03:48
7;36190;Fuerte open-source;2022-07-06T13:51:55;grey exploit strategic;2022-07-06T02:30:42
8;76984;HTTP;2022-07-06T22:38:41;engage deposit;2022-07-06T13:45:34
9;69759;Total;2022-07-06T22:08:49;up architectures;2022-07-06T07:15:24
10;96193;solid Ergonomic moratorium;2022-07-06T21:42:23;Identity redundant;2022-07-06T07:10:34
