id;nombre_value;jhi_limit;limit_statut;created_by;created_date;last_modified_by;last_modified_date
1;maxim;15432;TROISIEMELOT;invoice calculating Washington;2022-07-06T12:58:56;navigate;2022-07-06T19:41:30
2;input;6291;DEUXIEMELOT;group Shoes;2022-07-06T08:22:19;Missouri Rapids invoice;2022-07-06T07:24:32
3;group;11466;LOTO4CHIFOPTION2;Orchestrator Planner Direct;2022-07-06T19:39:23;e-markets Afghanistan Brazilian;2022-07-06T14:40:50
4;tan;81188;LOTO4CHIFOPTION3;silver;2022-07-06T15:29:26;Borders Junction engineer;2022-07-06T19:00:37
5;Keybo;34027;LOTO5CHIF;withdrawal Mission access;2022-07-06T07:12:23;Books;2022-07-06T05:05:29
6;Orche;37627;LOTO4CHIFOPTION2;Advanced Turnpike PNG;2022-07-06T19:18:42;administration generating Tugrik;2022-07-05T23:53:44
7;gener;72271;LOTO4CHIFOPTION2;Garden Fresh;2022-07-06T19:10:55;Object-based Bike;2022-07-06T01:44:32
8;Curve;87233;LOTO5CHIFOPTION1;Factors Keyboard Rustic;2022-07-06T18:11:42;Dollar);2022-07-06T10:13:06
9;withd;34373;LOTO4CHIFOPTION3;Data;2022-07-06T00:50:27;monitor input Florida;2022-07-06T02:27:49
10;Cambo;35711;LOTO3CHIF;fuchsia copying Frozen;2022-07-06T22:15:29;matrix cross-platform primary;2022-07-06T00:57:20
