id;nom_client;slogan;telephones;adresse;infos;logo_link;created_by;created_date;last_modified_by;last_modified_date
1;Internal;bypass;fault-tolerant Pants;productize synthesize compressing;architectures;HTTP Designer;virtual;2022-07-06T04:03:10;Architect auxiliary;2022-07-06T13:34:07
2;benchmark quantifying;Facilitator;Lesotho Mexico Freeway;Credit mesh Fish;Money;Paraguay payment Intuitive;holistic mindshare Facilitator;2022-07-06T04:44:37;panel HDD Kentucky;2022-07-06T06:09:28
3;overriding mobile;partnerships applications;Incredible Games;override matrix;Cambridgeshire;mint;Ghana Buckinghamshire;2022-07-06T18:51:06;Sleek unleash;2022-07-06T12:13:48
4;hacking;withdrawal Rican Home;bypassing content invoice;Cambridgeshire monitor Guam;virtual Frozen;reboot incentivize Chicken;EXE Table;2022-07-06T08:27:59;Dynamic Markets;2022-07-06T06:53:29
5;encryption Ergonomic;payment Zealand generating;THX;green orchid Loan;invoice Hat Handcrafted;encoding;pink Rubber;2022-07-06T21:56:57;Home;2022-07-06T17:27:30
6;Computer;Rial Azerbaijan Account;maximize benchmark compress;syndicate;cross-platform PCI;1080p;Developer Alabama SQL;2022-07-06T04:07:27;extranet Shoes;2022-07-06T06:11:26
7;Sleek Secured Synergistic;Jewelery copy;dot-com COM Tunnel;Intelligent exuding;Oval;Wooden Market;Tuna;2022-07-06T22:59:36;Fresh Borders;2022-07-06T14:33:40
8;Security programming;up Realigned channels;Orchestrator payment web-readiness;Implemented Palladium withdrawal;XML;Officer;tan Cross-group;2022-07-06T13:11:01;optical transmitter;2022-07-06T16:35:37
9;supply-chains e-markets Soft;Representative Awesome Avon;Principal;Account Chief Intelligent;Sum Plastic;Switchable Cambridgeshire Cheese;Incredible leading;2022-07-06T05:59:04;calculate Soap;2022-07-06T05:02:13
10;executive;Orchestrator;District;sensor Divide;El Universal Shirt;applications;synergies Well Canada;2022-07-06T11:53:37;Accountability;2022-07-06T17:08:44
