id;trace_contenu;created_by;created_date;last_modified_by;last_modified_date
1;Auto hack invoice;Cotton Handcrafted SSL;2022-07-06T18:38:33;Belgium Seychelles;2022-07-06T04:53:13
2;generate Cambridgeshire Camp;Account withdrawal;2022-07-06T05:35:10;PCI Kip empower;2022-07-06T13:09:31
3;program generate;JSON invoice orchid;2022-07-06T13:22:02;Functionality New;2022-07-06T22:09:54
4;synthesize;Fish;2022-07-06T18:32:33;success RAM;2022-07-06T11:26:13
5;Ergonomic;Table Ball;2022-07-06T11:11:29;Gorgeous;2022-07-06T20:31:14
6;Hong networks Wooden;Borders;2022-07-06T01:54:57;Wooden web haptic;2022-07-05T23:52:54
7;New XML indexing;Cross-group;2022-07-06T09:01:27;Health card feed;2022-07-06T19:47:31
8;Oklahoma Group Rubber;programming Account;2022-07-06T12:14:22;challenge parsing;2022-07-06T18:23:57
9;Rupee Liaison interface;Steel;2022-07-06T12:18:39;Gorgeous Nevada Synchronised;2022-07-06T11:08:12
10;niches Awesome black;Organized aggregate;2022-07-06T08:30:42;fuchsia;2022-07-06T07:58:19
