id;type;description;montant;created_by;created_date;last_modified_by;last_modified_date
1;VIREMENT;solutions Quetzal;4649;Books;2022-07-06T15:49:59;Loan Martinique;2022-07-06T20:16:44
2;VIREMENT;white Legacy;57563;Account users Mouse;2022-07-06T17:41:10;revolutionary copying;2022-07-06T17:13:26
3;VIREMENT;Wooden Handmade;77602;generate Operations IB;2022-07-06T02:57:14;Cross-platform;2022-07-06T12:36:20
4;VIREMENT;Swiss Salad alarm;27311;blue;2022-07-06T21:08:23;Greens Gloves;2022-07-06T15:18:08
5;VIREMENT;Strategist;10705;Fresh array;2022-07-06T15:07:49;Representative Berkshire;2022-07-06T15:18:05
6;DEPOT;Granite;88359;monitor invoice payment;2022-07-06T12:26:17;bypassing Borders;2022-07-05T23:51:05
7;DEPOT;Oval Diverse;98974;Account Concrete;2022-07-06T17:40:02;neural pixel Gloves;2022-07-06T16:11:31
8;VIREMENT;Forward navigating;67415;Spur;2022-07-06T07:04:11;Usability Herzegovina next;2022-07-06T04:21:41
9;VIREMENT;hack AI;56811;productize;2022-07-06T21:59:39;exuding system;2022-07-06T17:34:23
10;DEPOT;extranet quantifying;19977;Consultant Grass-roots;2022-07-06T09:02:10;Creative;2022-07-06T08:27:01
